{
    "n_episodes": 100,
    "reward_per_episode": [
        -50.0,
        -50.0,
        -50.0,
        -50.0,
        -50.0,
        -50.0,
        -50.0,
        -50.0,
        -50.0,
        -50.0,
        -50.0,
        -50.0,
        -50.0,
        -50.0,
        -50.0,
        -50.0,
        -50.0,
        -50.0,
        -50.0,
        -50.0,
        -50.0,
        -50.0,
        -50.0,
        -50.0,
        -45.0,
        -50.0,
        -50.0,
        -48.0,
        -50.0,
        -50.0,
        -50.0,
        -50.0,
        -50.0,
        -50.0,
        -50.0,
        -50.0,
        -50.0,
        -50.0,
        -50.0,
        -50.0,
        -50.0,
        -50.0,
        -50.0,
        -50.0,
        -50.0,
        -50.0,
        -50.0,
        -50.0,
        -50.0,
        -50.0,
        -50.0,
        -50.0,
        -50.0,
        -50.0,
        -50.0,
        -50.0,
        -50.0,
        -50.0,
        -50.0,
        -50.0,
        -50.0,
        -50.0,
        -50.0,
        -50.0,
        -50.0,
        -50.0,
        -50.0,
        -50.0,
        -50.0,
        -50.0,
        -50.0,
        -50.0,
        -50.0,
        -50.0,
        -50.0,
        -50.0,
        -50.0,
        -50.0,
        -50.0,
        -50.0,
        -50.0,
        -50.0,
        -50.0,
        -50.0,
        -50.0,
        -50.0,
        -50.0,
        -50.0,
        -50.0,
        -50.0,
        -50.0,
        -50.0,
        -50.0,
        -50.0,
        -50.0,
        -50.0,
        -50.0,
        -50.0,
        -50.0,
        -50.0
    ],
    "actor_loss": [
        0.04819142818450928,
        0.10604265332221985,
        0.17631344497203827,
        0.25260376930236816,
        0.32119929790496826,
        0.3804941177368164,
        0.38183173537254333,
        0.3967646360397339,
        0.4015538692474365,
        0.3995262384414673,
        0.38722342252731323,
        0.37238284945487976,
        0.35042259097099304,
        0.33869823813438416,
        0.3374202847480774,
        0.3350880444049835,
        0.3526109457015991,
        0.36483561992645264,
        0.3796859383583069,
        0.4019230306148529,
        0.4203759729862213,
        0.4525957405567169,
        0.4723414480686188,
        0.49419865012168884,
        0.5008960962295532,
        0.5155639052391052,
        0.5282930731773376,
        0.5348554849624634,
        0.5330257415771484,
        0.5429403185844421,
        0.5544359087944031,
        0.5590593814849854,
        0.5613833665847778,
        0.5597646832466125,
        0.571784257888794,
        0.5772369503974915,
        0.5900329351425171,
        0.6116833686828613,
        0.6148751974105835,
        0.6286510229110718,
        0.6373476982116699,
        0.6431418657302856,
        0.6589877605438232,
        0.6660057306289673,
        0.6707044243812561,
        0.685004472732544,
        0.6996898055076599,
        0.7025927901268005,
        0.7136284708976746,
        0.7252871990203857,
        0.7334142923355103,
        0.7380766272544861,
        0.7476351261138916,
        0.7493806481361389,
        0.7649359703063965,
        0.7715200781822205,
        0.7722047567367554,
        0.7722949981689453,
        0.7776759266853333,
        0.8004980683326721,
        0.8185536861419678,
        0.8358056545257568,
        0.8503060936927795,
        0.8507355451583862,
        0.8600905537605286,
        0.8518982529640198,
        0.8276994228363037,
        0.8415066599845886,
        0.8421011567115784,
        0.8480692505836487,
        0.8739798665046692,
        0.8860107660293579,
        0.9038228392601013,
        0.9102902412414551,
        0.9292786121368408,
        0.9345195293426514,
        0.9273040294647217,
        0.9493023753166199,
        0.9569268822669983,
        0.9557117223739624,
        0.9793798327445984,
        0.9997159838676453,
        0.983069658279419,
        0.9817487597465515,
        1.0036497116088867,
        0.9885267615318298,
        1.0120490789413452,
        1.0300558805465698,
        1.0532546043395996,
        1.05204439163208,
        1.0800610780715942,
        1.0495260953903198,
        1.0254178047180176,
        1.051314115524292,
        1.109675407409668,
        1.1111849546432495,
        1.1463792324066162,
        1.1413424015045166,
        1.1669507026672363,
        1.1389789581298828
    ],
    "critic_loss": [
        0.4651537239551544,
        0.14569208025932312,
        0.0747048556804657,
        0.04540540277957916,
        0.037411365658044815,
        0.025663824751973152,
        0.03520641475915909,
        0.08100026100873947,
        0.049194108694791794,
        0.04476923123002052,
        0.041998352855443954,
        0.04166773334145546,
        0.02345574088394642,
        0.03730221837759018,
        0.03690158948302269,
        0.045231595635414124,
        0.03796224296092987,
        0.0316505953669548,
        0.03604720160365105,
        0.043901339173316956,
        0.03044871985912323,
        0.026472182944417,
        0.020005280151963234,
        0.03333151713013649,
        0.023674437776207924,
        0.024852728471159935,
        0.02486354112625122,
        0.026276666671037674,
        0.016874825581908226,
        0.03526974096894264,
        0.01716216653585434,
        0.027206717059016228,
        0.015197953209280968,
        0.025731077417731285,
        0.02350628189742565,
        0.02790045738220215,
        0.04519607871770859,
        0.015369215048849583,
        0.016810696572065353,
        0.026541588827967644,
        0.03328069671988487,
        0.02434379607439041,
        0.020368723198771477,
        0.02360432595014572,
        0.029192309826612473,
        0.018467657268047333,
        0.014501533471047878,
        0.038444336503744125,
        0.027368837967514992,
        0.019495656713843346,
        0.021954655647277832,
        0.036948081105947495,
        0.01949109323322773,
        0.03425050899386406,
        0.04628150165081024,
        0.026599789038300514,
        0.03494099900126457,
        0.029963618144392967,
        0.02972145564854145,
        0.019329199567437172,
        0.023011431097984314,
        0.01017834898084402,
        0.02297770045697689,
        0.05076928064227104,
        0.015248025767505169,
        0.030137455090880394,
        0.03362530842423439,
        0.024844445288181305,
        0.04550965130329132,
        0.03879939019680023,
        0.03264956548810005,
        0.028873510658740997,
        0.03964550420641899,
        0.029791994020342827,
        0.032747868448495865,
        0.03395910561084747,
        0.03383786231279373,
        0.027732523158192635,
        0.03341085836291313,
        0.024640502408146858,
        0.029942631721496582,
        0.0433943048119545,
        0.035698629915714264,
        0.03947659954428673,
        0.02196187525987625,
        0.03805425390601158,
        0.03262895345687866,
        0.026670627295970917,
        0.03247903287410736,
        0.04843771457672119,
        0.03796371445059776,
        0.038331273943185806,
        0.040732111781835556,
        0.03349665179848671,
        0.01891239359974861,
        0.024926982820034027,
        0.03138351812958717,
        0.02234792709350586,
        0.028587432578206062,
        0.026496445760130882
    ],
    "training_time": [
        0.010776529444588555
    ]
}