{"local_sum": [0.0, 0.0, 0.0], "local_sumsq": [0.0, 0.0, 0.0], "local_count": [0.0], "total_sum": [107989.9453125, 59935.6328125, 43216.40234375], "total_sumsq": [146369.421875, 45521.671875, 23898.599609375], "total_count": [80000.0], "mean": [1.3498742580413818, 0.749195396900177, 0.5402050018310547], "std": [0.08635541051626205, 0.08790452778339386, 0.08313266187906265], "eps": 0.01}