{"local_sum": [0.0, 0.0, 0.0], "local_sumsq": [0.0, 0.0, 0.0], "local_count": [0.0], "total_sum": [511345.71875, 240251.953125, 229420.34375], "total_sumsq": [658552.75, 163123.328125, 135853.0625], "total_count": [400000.0], "mean": [1.2783643007278442, 0.6006298661231995, 0.5735508799552917], "std": [0.1103023961186409, 0.21691492199897766, 0.10330567508935928], "eps": 0.01, "default_clip_range": null}