{"local_sum": [0.0, 0.0, 0.0, 0.0, 0.0, 0.0, 0.0, 0.0, 0.0, 0.0], "local_sumsq": [0.0, 0.0, 0.0, 0.0, 0.0, 0.0, 0.0, 0.0, 0.0, 0.0], "local_count": [0.0], "total_sum": [53955.03125, 29826.65234375, 21688.134765625, 0.3120426833629608, 0.009362834505736828, 7.006070137023926, -3.758401870727539, 12.636205673217773, 27.016260147094727, 26.828460693359375], "total_sumsq": [73065.765625, 22553.69921875, 11994.8291015625, 0.00012171339039923623, 1.0957705143255225e-07, 9.048957824707031, 9.102067947387695, 8.908648490905762, 0.09283372759819031, 0.08805931359529495], "total_count": [40000.0], "mean": [1.3488757610321045, 0.7456663250923157, 0.5422033667564392, 7.80106711317785e-06, 2.3407086757742945e-07, 0.0001751517556840554, -9.39600431593135e-05, 0.00031590514117851853, 0.0006754064816050231, 0.0006707115098834038], "std": [0.08472488820552826, 0.08845441043376923, 0.07672175019979477, 0.009999999776482582, 0.009999999776482582, 0.015039723366498947, 0.015084524638950825, 0.014920336194336414, 0.009999999776482582, 0.009999999776482582], "eps": 0.01}