{"local_sum": [0.0, 0.0, 0.0, 0.0, 0.0, 0.0, 0.0, 0.0, 0.0, 0.0], "local_sumsq": [0.0, 0.0, 0.0, 0.0, 0.0, 0.0, 0.0, 0.0, 0.0, 0.0], "local_count": [0.0], "total_sum": [242486.140625, 90528.5625, 122418.5, 0.0, 0.0, -856.0364379882812, 739.112060546875, -632.0361938476562, 79.27045440673828, 100.30918884277344], "total_sumsq": [295655.96875, 49541.16796875, 77125.578125, 0.0, 0.0, 40.00835418701172, 39.3870849609375, 36.43275833129883, 0.10913337022066116, 0.20967930555343628], "total_count": [200000.0], "mean": [1.212430715560913, 0.4526427984237671, 0.6120924949645996, 0.0, 0.0, -0.00428018206730485, 0.003695560386404395, -0.003160180989652872, 0.00039635226130485535, 0.0005015459610149264], "std": [0.09105823189020157, 0.20693078637123108, 0.10474102199077606, 0.009999999776482582, 0.009999999776482582, 0.013480423018336296, 0.013538029976189137, 0.01312162447720766, 0.009999999776482582, 0.009999999776482582], "eps": 0.01, "default_clip_range": null}