{"local_sum": [0.0, 0.0, 0.0], "local_sumsq": [0.0, 0.0, 0.0], "local_count": [0.0], "total_sum": [1430890.5, 799970.5625, 507351.25], "total_sumsq": [1934497.625, 613328.3125, 259098.5], "total_count": [1065000.0], "mean": [1.3435591459274292, 0.7511460781097412, 0.476386159658432], "std": [0.10620032995939255, 0.10804953426122665, 0.12783268094062805], "eps": 0.01}