{"local_sum": [0.0, 0.0, 0.0], "local_sumsq": [0.0, 0.0, 0.0], "local_count": [0.0], "total_sum": [483774.46875, 270028.5625, 171182.0], "total_sumsq": [654055.9375, 206793.421875, 86878.7109375], "total_count": [360000.0], "mean": [1.343817949295044, 0.750079333782196, 0.4755055606365204], "std": [0.10476335883140564, 0.10866068303585052, 0.1233864575624466], "eps": 0.01}