{"local_sum": [0.0, 0.0, 0.0, 0.0, 0.0, 0.0, 0.0, 0.0, 0.0, 0.0, 0.0, 0.0, 0.0, 0.0, 0.0, 0.0, 0.0, 0.0, 0.0, 0.0, 0.0, 0.0, 0.0, 0.0, 0.0], "local_sumsq": [0.0, 0.0, 0.0, 0.0, 0.0, 0.0, 0.0, 0.0, 0.0, 0.0, 0.0, 0.0, 0.0, 0.0, 0.0, 0.0, 0.0, 0.0, 0.0, 0.0, 0.0, 0.0, 0.0, 0.0, 0.0], "local_count": [0.0], "total_sum": [716195.875, 411788.03125, 268440.5625, 716894.3125, 401510.84375, 220636.671875, 699.3102416992188, -10277.75, -47797.0859375, 20076.611328125, 20211.9765625, -3326.597412109375, 7033.005859375, 162.54373168945312, 59.40330505371094, -213.50852966308594, -251.40518188476562, -137.619140625, 500.508056640625, -14.467442512512207, 18.36117935180664, 258.9711608886719, -19.71483039855957, 147.24728393554688, 138.08642578125], "total_sumsq": [967052.125, 322340.96875, 139571.34375, 973210.625, 311143.90625, 93517.0234375, 5713.27099609375, 6789.458984375, 11037.32421875, 912.9885864257812, 922.1278686523438, 132211.953125, 31980.912109375, 93903.984375, 70.43125915527344, 77.85826110839844, 88.51275634765625, 1509.355224609375, 1034.032958984375, 885.415283203125, 68.25559997558594, 72.541259765625, 66.49172973632812, 205.45033264160156, 204.56536865234375], "total_count": [532500.0], "mean": [1.3449687957763672, 0.7733108401298523, 0.5041137337684631, 1.3462804555892944, 0.7540109753608704, 0.41434118151664734, 0.0013132586609572172, -0.01930093951523304, -0.08975978940725327, 0.03770255669951439, 0.03795676305890083, -0.0062471311539411545, 0.01320752315223217, 0.00030524644535034895, 0.00011155550600960851, -0.00040095497388392687, -0.00047212239587679505, -0.0002584397152531892, 0.0009399212431162596, -2.716890594456345e-05, 3.4481086913729087e-05, 0.00048633082769811153, -3.7023157346993685e-05, 0.00027652073185890913, 0.0002593172248452902], "std": [0.08437593281269073, 0.08558931201696396, 0.08930375427007675, 0.1231040209531784, 0.12559960782527924, 0.06277108937501907, 0.1035732701420784, 0.11125480383634567, 0.11256354302167892, 0.017118697986006737, 0.017058124765753746, 0.4982432425022125, 0.2447112798690796, 0.419935017824173, 0.011500123888254166, 0.012085194699466228, 0.012884030118584633, 0.053239114582538605, 0.04405635595321655, 0.04077684506773949, 0.01132158748805523, 0.011661526747047901, 0.011174334213137627, 0.01964041218161583, 0.01959829218685627], "eps": 0.01}