{"local_sum": [0.0, 0.0, 0.0, 0.0, 0.0, 0.0, 0.0, 0.0, 0.0, 0.0, 0.0, 0.0, 0.0, 0.0, 0.0, 0.0, 0.0, 0.0, 0.0, 0.0, 0.0, 0.0, 0.0, 0.0, 0.0], "local_sumsq": [0.0, 0.0, 0.0, 0.0, 0.0, 0.0, 0.0, 0.0, 0.0, 0.0, 0.0, 0.0, 0.0, 0.0, 0.0, 0.0, 0.0, 0.0, 0.0, 0.0, 0.0, 0.0, 0.0, 0.0, 0.0], "local_count": [0.0], "total_sum": [241781.125, 135622.03125, 87862.7890625, 241882.0625, 135358.4375, 75015.40625, 101.28781127929688, -263.4397277832031, -12847.5751953125, 6857.18603515625, 6867.47265625, -20.35995864868164, 1838.5997314453125, -938.2320556640625, -2.707557201385498, -5.5360188484191895, 19.557321548461914, -35.025787353515625, 167.0583953857422, 31.474689483642578, 16.295515060424805, 14.827567100524902, -97.53683471679688, 33.779327392578125, 28.41704559326172], "total_sumsq": [325985.25, 103159.6796875, 43794.8359375, 327625.5625, 104700.2421875, 31812.203125, 1804.8656005859375, 2984.46044921875, 2218.0625, 311.11932373046875, 311.4671630859375, 49420.0625, 13701.390625, 37695.44921875, 31.993412017822266, 33.641780853271484, 36.53009796142578, 600.01416015625, 430.49774169921875, 364.7320251464844, 31.249441146850586, 30.616926193237305, 30.351694107055664, 80.82801818847656, 80.1012191772461], "total_count": [180000.0], "mean": [1.3432284593582153, 0.7534557580947876, 0.48812660574913025, 1.3437892198562622, 0.751991331577301, 0.41675224900245667, 0.0005627100472338498, -0.0014635541010648012, -0.07137541472911835, 0.03809547796845436, 0.038152627646923065, -0.00011311088019283488, 0.010214443318545818, -0.005212400108575821, -1.5041984624986071e-05, -3.075566201005131e-05, 0.00010865178774110973, -0.00019458770111668855, 0.00092810217756778, 0.00017485939315520227, 9.053063695318997e-05, 8.237537258537486e-05, -0.000541871297173202, 0.0001876629248727113, 0.00015787247684784234], "std": [0.08225908875465393, 0.07357832789421082, 0.07097221165895462, 0.11988572776317596, 0.12718906998634338, 0.05524514615535736, 0.1001334860920906, 0.1287563294172287, 0.0850183442234993, 0.016648579388856888, 0.016575589776039124, 0.5239807963371277, 0.27570727467536926, 0.457593709230423, 0.013331952504813671, 0.013671058230102062, 0.01424546167254448, 0.0577353797852993, 0.04889573156833649, 0.04501398280262947, 0.013175727799534798, 0.013041750527918339, 0.012974085286259651, 0.021189840510487556, 0.021094592288136482], "eps": 0.01}